[
    {
        "model":"menus.menu",
        "pk":1,
        "fields":{
            "restaurant":1
        }
    },
    {
        "model":"menus.menu",
        "pk":2,
        "fields":{
            "restaurant":3
        }
    },
    {
        "model":"menus.menu",
        "pk":3,
        "fields":{
            "restaurant":4
        }
    },
    {
        "model":"menus.menu",
        "pk":4,
        "fields":{
            "restaurant":5
        }
    },
    {
        "model":"menus.size",
        "pk":1,
        "fields":{
            "menu":2,
            "description":"Standardowa",
            "value":"30",
            "value_unit":"cm"
        }
    },
    {
        "model":"menus.size",
        "pk":2,
        "fields":{
            "menu":2,
            "description":"Rodzinna",
            "value":"40",
            "value_unit":"cm"
        }
    },
    {
        "model":"menus.size",
        "pk":3,
        "fields":{
            "menu":2,
            "description":"Pol metra",
            "value":"50",
            "value_unit":"cm"
        }
    },
    {
        "model":"menus.size",
        "pk":5,
        "fields":{
            "menu":1,
            "description":"Grande",
            "value":"32",
            "value_unit":"cm"
        }
    },
    {
        "model":"menus.size",
        "pk":6,
        "fields":{
            "menu":1,
            "description":"Grosso",
            "value":"42",
            "value_unit":"cm"
        }
    },
    {
        "model":"menus.size",
        "pk":7,
        "fields":{
            "menu":3,
            "description":"Normal size",
            "value":"1",
            "value_unit":""
        }
    },
    {
        "model":"menus.size",
        "pk":8,
        "fields":{
            "menu":1,
            "description":"Piccolo",
            "value":"24",
            "value_unit":"cm"
        }
    },
    {
        "model":"menus.size",
        "pk":9,
        "fields":{
            "menu":4,
            "description":"",
            "value":"30",
            "value_unit":"cm"
        }
    },
    {
        "model":"menus.size",
        "pk":10,
        "fields":{
            "menu":4,
            "description":"",
            "value":"40",
            "value_unit":"cm"
        }
    },
    {
        "model":"menus.size",
        "pk":11,
        "fields":{
            "menu":4,
            "description":"",
            "value":"50",
            "value_unit":"cm"
        }
    },
    {
        "model":"menus.size",
        "pk":12,
        "fields":{
            "menu":1,
            "description":"Normal size",
            "value":"300",
            "value_unit":"g"
        }
    },
    {
        "model":"menus.size",
        "pk":13,
        "fields":{
            "menu":1,
            "description":"Normal size",
            "value":"250",
            "value_unit":"g"
        }
    },
    {
        "model":"menus.size",
        "pk":14,
        "fields":{
            "menu":1,
            "description":"Normal size",
            "value":"490",
            "value_unit":"g"
        }
    },
    {
        "model":"menus.size",
        "pk":15,
        "fields":{
            "menu":1,
            "description":"Normal size",
            "value":"500",
            "value_unit":"g"
        }
    },
    {
        "model":"menus.size",
        "pk":16,
        "fields":{
            "menu":1,
            "description":"Normal size",
            "value":"190",
            "value_unit":"g"
        }
    },
    {
        "model":"menus.size",
        "pk":17,
        "fields":{
            "menu":1,
            "description":"Normal size",
            "value":"360",
            "value_unit":"g"
        }
    },
    {
        "model":"menus.size",
        "pk":18,
        "fields":{
            "menu":1,
            "description":"Normal size",
            "value":"200",
            "value_unit":"g"
        }
    },
    {
        "model":"menus.size",
        "pk":19,
        "fields":{
            "menu":1,
            "description":"Normal size",
            "value":"410",
            "value_unit":"g"
        }
    },
    {
        "model":"menus.size",
        "pk":20,
        "fields":{
            "menu":1,
            "description":"Normal size",
            "value":"320",
            "value_unit":"g"
        }
    },
    {
        "model":"menus.size",
        "pk":21,
        "fields":{
            "menu":1,
            "description":"Normal size",
            "value":"260",
            "value_unit":"g"
        }
    },
    {
        "model":"menus.size",
        "pk":22,
        "fields":{
            "menu":1,
            "description":"Normal size",
            "value":"450",
            "value_unit":"g"
        }
    },
    {
        "model":"menus.size",
        "pk":23,
        "fields":{
            "menu":1,
            "description":"Normal size",
            "value":"340",
            "value_unit":"g"
        }
    },
    {
        "model":"menus.size",
        "pk":24,
        "fields":{
            "menu":1,
            "description":"Normal size",
            "value":"560",
            "value_unit":"g"
        }
    },
    {
        "model":"menus.size",
        "pk":25,
        "fields":{
            "menu":1,
            "description":"Normal size",
            "value":"420",
            "value_unit":"g"
        }
    },
    {
        "model":"menus.category",
        "pk":1,
        "fields":{
            "name":"Pizza"
        }
    },
    {
        "model":"menus.category",
        "pk":2,
        "fields":{
            "name":"Zupa"
        }
    },
    {
        "model":"menus.category",
        "pk":3,
        "fields":{
            "name":"Sa\u0142atka"
        }
    },
    {
        "model":"menus.category",
        "pk":4,
        "fields":{
            "name":"Obiad"
        }
    },
    {
        "model":"menus.category",
        "pk":5,
        "fields":{
            "name":"Makarony"
        }
    },
    {
        "model":"menus.category",
        "pk":6,
        "fields":{
            "name":"Kebab"
        }
    },
    {
        "model":"menus.category",
        "pk":7,
        "fields":{
            "name":"Rolls"
        }
    },
    {
        "model":"menus.meal",
        "pk":1,
        "fields":{
            "menu":1,
            "name":"Margherita",
            "logo":"/meals/meal_default.jpeg",
            "category":1,
            "ingredients":[
                1,
                8,
                11,
                12
            ]
        }
    },
    {
        "model":"menus.meal",
        "pk":2,
        "fields":{
            "menu":1,
            "name":"CAPRISIOSSA",
            "logo":"/meals/meal_default.jpeg",
            "category":1,
            "ingredients":[
                1,
                8,
                11,
                12,
                13,
                14
            ]
        }
    },
    {
        "model":"menus.meal",
        "pk":3,
        "fields":{
            "menu":1,
            "name":"Pepperoni",
            "logo":"/meals/meal_default.jpeg",
            "category":1,
            "ingredients":[
                1,
                9,
                11,
                12,
                15
            ]
        }
    },
    {
        "model":"menus.meal",
        "pk":4,
        "fields":{
            "menu":1,
            "name":"Kebab",
            "logo":"/meals/meal_default.jpeg",
            "category":1,
            "ingredients":[
                1,
                4,
                8,
                11,
                12,
                16
            ]
        }
    },
    {
        "model":"menus.meal",
        "pk":5,
        "fields":{
            "menu":2,
            "name":"Margarita",
            "logo":"/meals/meal_default.jpeg",
            "category":1,
            "ingredients":[
                1,
                8,
                11
            ]
        }
    },
    {
        "model":"menus.meal",
        "pk":6,
        "fields":{
            "menu":2,
            "name":"Vesuvio",
            "logo":"/meals/meal_default.jpeg",
            "category":1,
            "ingredients":[
                8,
                11,
                13
            ]
        }
    },
    {
        "model":"menus.meal",
        "pk":7,
        "fields":{
            "menu":2,
            "name":"CAPRISIOSSA",
            "logo":"/meals/meal_default.jpeg",
            "category":1,
            "ingredients":[
                1,
                8,
                11,
                13,
                14
            ]
        }
    },
    {
        "model":"menus.meal",
        "pk":8,
        "fields":{
            "menu":2,
            "name":"La moss",
            "logo":"/meals/meal_default.jpeg",
            "category":1,
            "ingredients":[
                1,
                8,
                10,
                11,
                14,
                17
            ]
        }
    },
    {
        "model":"menus.meal",
        "pk":9,
        "fields":{
            "menu":2,
            "name":"Davido",
            "logo":"/meals/meal_default.jpeg",
            "category":1,
            "ingredients":[
                1,
                7,
                8,
                10,
                11,
                14,
                15
            ]
        }
    },
    {
        "model":"menus.meal",
        "pk":10,
        "fields":{
            "menu":2,
            "name":"Karaibska",
            "logo":"/meals/meal_default.jpeg",
            "category":1,
            "ingredients":[
                1,
                8,
                10,
                11,
                14,
                18
            ]
        }
    },
    {
        "model":"menus.meal",
        "pk":11,
        "fields":{
            "menu":2,
            "name":"Diablo",
            "logo":"/meals/meal_default.jpeg",
            "category":1,
            "ingredients":[
                1,
                7,
                8,
                15,
                19,
                20,
                21
            ]
        }
    },
    {
        "model":"menus.meal",
        "pk":12,
        "fields":{
            "menu":3,
            "name":"Zraz wolowy",
            "logo":"/meals/meal_default.jpeg",
            "category":4,
            "ingredients":[
                25,
                28
            ]
        }
    },
    {
        "model":"menus.meal",
        "pk":13,
        "fields":{
            "menu":3,
            "name":"Polmisek wiejski",
            "logo":"/meals/meal_default.jpeg",
            "category":4,
            "ingredients":[
                26,
                29
            ]
        }
    },
    {
        "model":"menus.meal",
        "pk":14,
        "fields":{
            "menu":3,
            "name":"Nalesniki z twarogiem",
            "logo":"/meals/meal_default.jpeg",
            "category":4,
            "ingredients":[

            ]
        }
    },
    {
        "model":"menus.meal",
        "pk":15,
        "fields":{
            "menu":3,
            "name":"Golabki w sosie",
            "logo":"/meals/meal_default.jpeg",
            "category":4,
            "ingredients":[
                26,
                29
            ]
        }
    },
    {
        "model":"menus.meal",
        "pk":16,
        "fields":{
            "menu":3,
            "name":"Zupa rybna",
            "logo":"/meals/meal_default.jpeg",
            "category":2,
            "ingredients":[

            ]
        }
    },
    {
        "model":"menus.meal",
        "pk":17,
        "fields":{
            "menu":2,
            "name":"Broku\u0142owa",
            "logo":"/meals/meal_default.jpeg",
            "category":1,
            "ingredients":[
                1,
                8,
                31,
                32,
                33,
                34
            ]
        }
    },
    {
        "model":"menus.meal",
        "pk":18,
        "fields":{
            "menu":2,
            "name":"Chiken",
            "logo":"/meals/meal_default.jpeg",
            "category":1,
            "ingredients":[
                7,
                8,
                18,
                22,
                35
            ]
        }
    },
    {
        "model":"menus.meal",
        "pk":19,
        "fields":{
            "menu":2,
            "name":"Rucola",
            "logo":"/meals/meal_default.jpeg",
            "category":1,
            "ingredients":[
                1,
                8,
                32,
                36,
                37
            ]
        }
    },
    {
        "model":"menus.meal",
        "pk":20,
        "fields":{
            "menu":2,
            "name":"Bolognese",
            "logo":"/meals/meal_default.jpeg",
            "category":1,
            "ingredients":[
                1,
                38
            ]
        }
    },
    {
        "model":"menus.meal",
        "pk":21,
        "fields":{
            "menu":2,
            "name":"La Grande",
            "logo":"/meals/meal_default.jpeg",
            "category":1,
            "ingredients":[
                1,
                8,
                18,
                19,
                39,
                40
            ]
        }
    },
    {
        "model":"menus.meal",
        "pk":22,
        "fields":{
            "menu":2,
            "name":"Wiejska",
            "logo":"/meals/meal_default.jpeg",
            "category":1,
            "ingredients":[
                1,
                3,
                7,
                8,
                18,
                22,
                41
            ]
        }
    },
    {
        "model":"menus.meal",
        "pk":23,
        "fields":{
            "menu":3,
            "name":"P\u00f3\u0142misek \u0142akomczucha",
            "logo":"/meals/meal_default.jpeg",
            "category":4,
            "ingredients":[
                26,
                29
            ]
        }
    },
    {
        "model":"menus.meal",
        "pk":24,
        "fields":{
            "menu":3,
            "name":"P\u00f3\u0142misek kasztela\u0144ski",
            "logo":"/meals/meal_default.jpeg",
            "category":4,
            "ingredients":[
                26,
                29
            ]
        }
    },
    {
        "model":"menus.meal",
        "pk":25,
        "fields":{
            "menu":3,
            "name":"P\u00f3\u0142misek szefa kuchni",
            "logo":"/meals/meal_default.jpeg",
            "category":4,
            "ingredients":[
                26,
                29
            ]
        }
    },
    {
        "model":"menus.meal",
        "pk":26,
        "fields":{
            "menu":3,
            "name":"Dorsz ba\u0142tycki",
            "logo":"/meals/meal_default.jpeg",
            "category":4,
            "ingredients":[
                26,
                29
            ]
        }
    },
    {
        "model":"menus.meal",
        "pk":27,
        "fields":{
            "menu":3,
            "name":"Halibut na mase\u0142ku",
            "logo":"/meals/meal_default.jpeg",
            "category":4,
            "ingredients":[
                26,
                29
            ]
        }
    },
    {
        "model":"menus.meal",
        "pk":28,
        "fields":{
            "menu":3,
            "name":"Sola",
            "logo":"/meals/meal_default.jpeg",
            "category":4,
            "ingredients":[
                26,
                29
            ]
        }
    },
    {
        "model":"menus.meal",
        "pk":29,
        "fields":{
            "menu":3,
            "name":"Kopytka",
            "logo":"/meals/meal_default.jpeg",
            "category":4,
            "ingredients":[
                42,
                43
            ]
        }
    },
    {
        "model":"menus.meal",
        "pk":30,
        "fields":{
            "menu":3,
            "name":"Sznycel z jajkiem",
            "logo":"/meals/meal_default.jpeg",
            "category":4,
            "ingredients":[
                26,
                29
            ]
        }
    },
    {
        "model":"menus.meal",
        "pk":31,
        "fields":{
            "menu":4,
            "name":"Margherita",
            "logo":"/meals/meal_default.jpeg",
            "category":1,
            "ingredients":[
                1,
                8,
                12
            ]
        }
    },
    {
        "model":"menus.meal",
        "pk":32,
        "fields":{
            "menu":4,
            "name":"Vesuvio",
            "logo":"/meals/meal_default.jpeg",
            "category":1,
            "ingredients":[
                1,
                8,
                12,
                13
            ]
        }
    },
    {
        "model":"menus.meal",
        "pk":33,
        "fields":{
            "menu":4,
            "name":"Taniec z warzywami",
            "logo":"/meals/meal_default.jpeg",
            "category":1,
            "ingredients":[
                1,
                7,
                8,
                12,
                14,
                36,
                44,
                45,
                46
            ]
        }
    },
    {
        "model":"menus.meal",
        "pk":34,
        "fields":{
            "menu":4,
            "name":"Pizza smoka",
            "logo":"/meals/meal_default.jpeg",
            "category":1,
            "ingredients":[
                1,
                3,
                7,
                8,
                12,
                46,
                47,
                48,
                49,
                50,
                51
            ]
        }
    },
    {
        "model":"menus.meal",
        "pk":35,
        "fields":{
            "menu":4,
            "name":"Pizza demo",
            "logo":"/meals/meal_default.jpeg",
            "category":1,
            "ingredients":[
                9,
                12,
                22,
                52,
                53,
                54
            ]
        }
    },
    {
        "model":"menus.meal",
        "pk":36,
        "fields":{
            "menu":4,
            "name":"Capricciosa",
            "logo":"/meals/meal_default.jpeg",
            "category":1,
            "ingredients":[
                1,
                8,
                12,
                14
            ]
        }
    },
    {
        "model":"menus.meal",
        "pk":37,
        "fields":{
            "menu":4,
            "name":"Slejer",
            "logo":"/meals/meal_default.jpeg",
            "category":1,
            "ingredients":[
                1,
                3,
                7,
                8,
                12,
                19,
                48,
                49,
                55,
                56,
                57
            ]
        }
    },
    {
        "model":"menus.meal",
        "pk":38,
        "fields":{
            "menu":4,
            "name":"Motorhead",
            "logo":"/meals/meal_default.jpeg",
            "category":1,
            "ingredients":[
                1,
                3,
                7,
                8,
                48,
                49,
                50,
                53,
                55
            ]
        }
    },
    {
        "model":"menus.meal",
        "pk":39,
        "fields":{
            "menu":4,
            "name":"D\u017cenis D\u017coplin",
            "logo":"/meals/meal_default.jpeg",
            "category":1,
            "ingredients":[
                1,
                8,
                12,
                13,
                18,
                39
            ]
        }
    },
    {
        "model":"menus.meal",
        "pk":40,
        "fields":{
            "menu":1,
            "name":"Calzone",
            "logo":"/meals/meal_default.jpeg",
            "category":1,
            "ingredients":[
                1,
                8,
                12,
                13,
                51,
                58,
                59
            ]
        }
    },
    {
        "model":"menus.meal",
        "pk":41,
        "fields":{
            "menu":1,
            "name":"Decore",
            "logo":"/meals/meal_default.jpeg",
            "category":1,
            "ingredients":[
                1,
                3,
                8,
                12,
                13,
                14,
                58
            ]
        }
    },
    {
        "model":"menus.meal",
        "pk":42,
        "fields":{
            "menu":1,
            "name":"Napoletana",
            "logo":"/meals/meal_default.jpeg",
            "category":1,
            "ingredients":[
                1,
                4,
                8,
                12,
                18,
                55,
                57
            ]
        }
    },
    {
        "model":"menus.meal",
        "pk":43,
        "fields":{
            "menu":1,
            "name":"Roma",
            "logo":"/meals/meal_default.jpeg",
            "category":1,
            "ingredients":[
                1,
                8,
                12,
                51,
                55,
                58
            ]
        }
    },
    {
        "model":"menus.meal",
        "pk":44,
        "fields":{
            "menu":1,
            "name":"Inverno",
            "logo":"/meals/meal_default.jpeg",
            "category":1,
            "ingredients":[
                1,
                12,
                30,
                57,
                60
            ]
        }
    },
    {
        "model":"menus.meal",
        "pk":45,
        "fields":{
            "menu":1,
            "name":"Krem pomidorowy",
            "logo":"/meals/meal_default.jpeg",
            "category":2,
            "ingredients":[
                61,
                62
            ]
        }
    },
    {
        "model":"menus.meal",
        "pk":46,
        "fields":{
            "menu":1,
            "name":"Krem broku\u0142owy",
            "logo":"/meals/meal_default.jpeg",
            "category":2,
            "ingredients":[
                61,
                62
            ]
        }
    },
    {
        "model":"menus.meal",
        "pk":47,
        "fields":{
            "menu":1,
            "name":"Sa\u0142atka grecka",
            "logo":"/meals/meal_default.jpeg",
            "category":3,
            "ingredients":[
                1,
                7,
                34,
                44,
                63,
                64
            ]
        }
    },
    {
        "model":"menus.meal",
        "pk":48,
        "fields":{
            "menu":1,
            "name":"Sa\u0142atka z kurczakiem",
            "logo":"/meals/meal_default.jpeg",
            "category":3,
            "ingredients":[
                16,
                34,
                63,
                65,
                66,
                67
            ]
        }
    },
    {
        "model":"menus.meal",
        "pk":49,
        "fields":{
            "menu":1,
            "name":"Sa\u0142ata w\u0142oska",
            "logo":"/meals/meal_default.jpeg",
            "category":3,
            "ingredients":[
                46,
                64,
                67,
                68,
                69,
                70
            ]
        }
    },
    {
        "model":"menus.meal",
        "pk":50,
        "fields":{
            "menu":1,
            "name":"Sa\u0142ata wiosenna",
            "logo":"/meals/meal_default.jpeg",
            "category":3,
            "ingredients":[
                18,
                46,
                66,
                67,
                70,
                71,
                72,
                73
            ]
        }
    },
    {
        "model":"menus.meal",
        "pk":51,
        "fields":{
            "menu":1,
            "name":"Aglio Olio",
            "logo":"/meals/meal_default.jpeg",
            "category":5,
            "ingredients":[
                3,
                61,
                74,
                75,
                76,
                77
            ]
        }
    },
    {
        "model":"menus.meal",
        "pk":52,
        "fields":{
            "menu":1,
            "name":"Pollo Pesto",
            "logo":"/meals/meal_default.jpeg",
            "category":5,
            "ingredients":[
                3,
                69,
                70,
                74,
                78
            ]
        }
    },
    {
        "model":"menus.meal",
        "pk":53,
        "fields":{
            "menu":1,
            "name":"Crema Fungo",
            "logo":"/meals/meal_default.jpeg",
            "category":5,
            "ingredients":[
                74,
                77,
                79,
                80
            ]
        }
    },
    {
        "model":"menus.meal",
        "pk":54,
        "fields":{
            "menu":1,
            "name":"Arabiata",
            "logo":"/meals/meal_default.jpeg",
            "category":5,
            "ingredients":[
                7,
                8,
                61,
                64,
                69,
                74
            ]
        }
    },
    {
        "model":"menus.meal",
        "pk":55,
        "fields":{
            "menu":1,
            "name":"Bolognese",
            "logo":"/meals/meal_default.jpeg",
            "category":5,
            "ingredients":[
                8,
                74,
                81
            ]
        }
    },
    {
        "model":"menus.meal",
        "pk":56,
        "fields":{
            "menu":1,
            "name":"Rolls Bolognese",
            "logo":"/meals/meal_default.jpeg",
            "category":7,
            "ingredients":[
                34,
                52,
                82,
                83
            ]
        }
    },
    {
        "model":"menus.meal",
        "pk":57,
        "fields":{
            "menu":1,
            "name":"Rolls Spinachi",
            "logo":"/meals/meal_default.jpeg",
            "category":7,
            "ingredients":[
                52,
                60,
                74,
                84,
                85
            ]
        }
    },
    {
        "model":"menus.topping",
        "pk":1,
        "fields":{
            "menu":1,
            "ingredient":4
        }
    },
    {
        "model":"menus.topping",
        "pk":2,
        "fields":{
            "menu":1,
            "ingredient":1
        }
    },
    {
        "model":"menus.topping",
        "pk":3,
        "fields":{
            "menu":3,
            "ingredient":2
        }
    },
    {
        "model":"menus.topping",
        "pk":4,
        "fields":{
            "menu":1,
            "ingredient":30
        }
    },
    {
        "model":"menus.topping",
        "pk":5,
        "fields":{
            "menu":1,
            "ingredient":3
        }
    },
    {
        "model":"menus.topping",
        "pk":6,
        "fields":{
            "menu":2,
            "ingredient":7
        }
    },
    {
        "model":"menus.topping",
        "pk":7,
        "fields":{
            "menu":2,
            "ingredient":8
        }
    },
    {
        "model":"menus.topping",
        "pk":8,
        "fields":{
            "menu":2,
            "ingredient":9
        }
    },
    {
        "model":"menus.topping",
        "pk":9,
        "fields":{
            "menu":2,
            "ingredient":10
        }
    },
    {
        "model":"menus.topping",
        "pk":10,
        "fields":{
            "menu":1,
            "ingredient":10
        }
    },
    {
        "model":"menus.topping",
        "pk":11,
        "fields":{
            "menu":2,
            "ingredient":22
        }
    },
    {
        "model":"menus.topping",
        "pk":12,
        "fields":{
            "menu":2,
            "ingredient":13
        }
    },
    {
        "model":"menus.topping",
        "pk":13,
        "fields":{
            "menu":2,
            "ingredient":23
        }
    },
    {
        "model":"menus.topping",
        "pk":14,
        "fields":{
            "menu":2,
            "ingredient":18
        }
    },
    {
        "model":"menus.topping",
        "pk":15,
        "fields":{
            "menu":2,
            "ingredient":15
        }
    },
    {
        "model":"menus.topping",
        "pk":16,
        "fields":{
            "menu":3,
            "ingredient":24
        }
    },
    {
        "model":"menus.topping",
        "pk":17,
        "fields":{
            "menu":3,
            "ingredient":25
        }
    },
    {
        "model":"menus.topping",
        "pk":19,
        "fields":{
            "menu":3,
            "ingredient":27
        }
    },
    {
        "model":"menus.ingredient",
        "pk":1,
        "fields":{
            "name":"ser"
        }
    },
    {
        "model":"menus.ingredient",
        "pk":2,
        "fields":{
            "name":"frytki"
        }
    },
    {
        "model":"menus.ingredient",
        "pk":3,
        "fields":{
            "name":"czosnek"
        }
    },
    {
        "model":"menus.ingredient",
        "pk":4,
        "fields":{
            "name":"cebula biala"
        }
    },
    {
        "model":"menus.ingredient",
        "pk":5,
        "fields":{
            "name":"majonez"
        }
    },
    {
        "model":"menus.ingredient",
        "pk":6,
        "fields":{
            "name":"frytki steakowe"
        }
    },
    {
        "model":"menus.ingredient",
        "pk":7,
        "fields":{
            "name":"cebula"
        }
    },
    {
        "model":"menus.ingredient",
        "pk":8,
        "fields":{
            "name":"sos pomidorowy"
        }
    },
    {
        "model":"menus.ingredient",
        "pk":9,
        "fields":{
            "name":"sos czosnkowy"
        }
    },
    {
        "model":"menus.ingredient",
        "pk":10,
        "fields":{
            "name":"tunczyk"
        }
    },
    {
        "model":"menus.ingredient",
        "pk":11,
        "fields":{
            "name":"ciasto"
        }
    },
    {
        "model":"menus.ingredient",
        "pk":12,
        "fields":{
            "name":"oregano"
        }
    },
    {
        "model":"menus.ingredient",
        "pk":13,
        "fields":{
            "name":"szynka"
        }
    },
    {
        "model":"menus.ingredient",
        "pk":14,
        "fields":{
            "name":"pieczarki"
        }
    },
    {
        "model":"menus.ingredient",
        "pk":15,
        "fields":{
            "name":"salami pepperoni"
        }
    },
    {
        "model":"menus.ingredient",
        "pk":16,
        "fields":{
            "name":"kebab drobiowy"
        }
    },
    {
        "model":"menus.ingredient",
        "pk":17,
        "fields":{
            "name":"anchios"
        }
    },
    {
        "model":"menus.ingredient",
        "pk":18,
        "fields":{
            "name":"kukurydza"
        }
    },
    {
        "model":"menus.ingredient",
        "pk":19,
        "fields":{
            "name":"tabasco"
        }
    },
    {
        "model":"menus.ingredient",
        "pk":20,
        "fields":{
            "name":"kielbasa zywiecka"
        }
    },
    {
        "model":"menus.ingredient",
        "pk":21,
        "fields":{
            "name":"ogorek konserwowy"
        }
    },
    {
        "model":"menus.ingredient",
        "pk":22,
        "fields":{
            "name":"kurczak"
        }
    },
    {
        "model":"menus.ingredient",
        "pk":23,
        "fields":{
            "name":"bekon"
        }
    },
    {
        "model":"menus.ingredient",
        "pk":24,
        "fields":{
            "name":"ryz"
        }
    },
    {
        "model":"menus.ingredient",
        "pk":25,
        "fields":{
            "name":"kasza"
        }
    },
    {
        "model":"menus.ingredient",
        "pk":26,
        "fields":{
            "name":"ziemniaki"
        }
    },
    {
        "model":"menus.ingredient",
        "pk":27,
        "fields":{
            "name":"ziemniaki pieczone"
        }
    },
    {
        "model":"menus.ingredient",
        "pk":28,
        "fields":{
            "name":"buraczki"
        }
    },
    {
        "model":"menus.ingredient",
        "pk":29,
        "fields":{
            "name":"surowka"
        }
    },
    {
        "model":"menus.ingredient",
        "pk":30,
        "fields":{
            "name":"cebula czerwona"
        }
    },
    {
        "model":"menus.ingredient",
        "pk":31,
        "fields":{
            "name":"broku\u0142y"
        }
    },
    {
        "model":"menus.ingredient",
        "pk":32,
        "fields":{
            "name":"ser ple\u015bniowy"
        }
    },
    {
        "model":"menus.ingredient",
        "pk":33,
        "fields":{
            "name":"s\u0142onecznik"
        }
    },
    {
        "model":"menus.ingredient",
        "pk":34,
        "fields":{
            "name":"pomidor"
        }
    },
    {
        "model":"menus.ingredient",
        "pk":35,
        "fields":{
            "name":"szpinak"
        }
    },
    {
        "model":"menus.ingredient",
        "pk":36,
        "fields":{
            "name":"rukola"
        }
    },
    {
        "model":"menus.ingredient",
        "pk":37,
        "fields":{
            "name":"szynka parme\u0144ska"
        }
    },
    {
        "model":"menus.ingredient",
        "pk":38,
        "fields":{
            "name":"sos bolognese"
        }
    },
    {
        "model":"menus.ingredient",
        "pk":39,
        "fields":{
            "name":"ananas"
        }
    },
    {
        "model":"menus.ingredient",
        "pk":40,
        "fields":{
            "name":"krewetki"
        }
    },
    {
        "model":"menus.ingredient",
        "pk":41,
        "fields":{
            "name":"mi\u0119so mielone"
        }
    },
    {
        "model":"menus.ingredient",
        "pk":42,
        "fields":{
            "name":"sos"
        }
    },
    {
        "model":"menus.ingredient",
        "pk":43,
        "fields":{
            "name":"kapusta zasma\u017cana"
        }
    },
    {
        "model":"menus.ingredient",
        "pk":44,
        "fields":{
            "name":"oliwki"
        }
    },
    {
        "model":"menus.ingredient",
        "pk":45,
        "fields":{
            "name":"papryka czerwona"
        }
    },
    {
        "model":"menus.ingredient",
        "pk":46,
        "fields":{
            "name":"pomidor koktajlowy"
        }
    },
    {
        "model":"menus.ingredient",
        "pk":47,
        "fields":{
            "name":"kie\u0142basa krakowska"
        }
    },
    {
        "model":"menus.ingredient",
        "pk":48,
        "fields":{
            "name":"papryka jalapeno"
        }
    },
    {
        "model":"menus.ingredient",
        "pk":49,
        "fields":{
            "name":"chili"
        }
    },
    {
        "model":"menus.ingredient",
        "pk":50,
        "fields":{
            "name":"pieprz"
        }
    },
    {
        "model":"menus.ingredient",
        "pk":51,
        "fields":{
            "name":"kabanos"
        }
    },
    {
        "model":"menus.ingredient",
        "pk":52,
        "fields":{
            "name":"mozarella"
        }
    },
    {
        "model":"menus.ingredient",
        "pk":53,
        "fields":{
            "name":"ser feta"
        }
    },
    {
        "model":"menus.ingredient",
        "pk":54,
        "fields":{
            "name":"pomidor suszony"
        }
    },
    {
        "model":"menus.ingredient",
        "pk":55,
        "fields":{
            "name":"salami"
        }
    },
    {
        "model":"menus.ingredient",
        "pk":56,
        "fields":{
            "name":"fasola czerwona"
        }
    },
    {
        "model":"menus.ingredient",
        "pk":57,
        "fields":{
            "name":"boczek"
        }
    },
    {
        "model":"menus.ingredient",
        "pk":58,
        "fields":{
            "name":"papryka konserwowa"
        }
    },
    {
        "model":"menus.ingredient",
        "pk":59,
        "fields":{
            "name":"oliwki zielone"
        }
    },
    {
        "model":"menus.ingredient",
        "pk":60,
        "fields":{
            "name":"\u015bmietana"
        }
    },
    {
        "model":"menus.ingredient",
        "pk":61,
        "fields":{
            "name":"parmezan"
        }
    },
    {
        "model":"menus.ingredient",
        "pk":62,
        "fields":{
            "name":"pieczywo czosnkowe"
        }
    },
    {
        "model":"menus.ingredient",
        "pk":63,
        "fields":{
            "name":"og\u00f3rek"
        }
    },
    {
        "model":"menus.ingredient",
        "pk":64,
        "fields":{
            "name":"papryka"
        }
    },
    {
        "model":"menus.ingredient",
        "pk":65,
        "fields":{
            "name":"fasola"
        }
    },
    {
        "model":"menus.ingredient",
        "pk":66,
        "fields":{
            "name":"pra\u017cony s\u0142onecznik"
        }
    },
    {
        "model":"menus.ingredient",
        "pk":67,
        "fields":{
            "name":"mieszanka sa\u0142at"
        }
    },
    {
        "model":"menus.ingredient",
        "pk":68,
        "fields":{
            "name":"ser mozzarella"
        }
    },
    {
        "model":"menus.ingredient",
        "pk":69,
        "fields":{
            "name":"bazylia"
        }
    },
    {
        "model":"menus.ingredient",
        "pk":70,
        "fields":{
            "name":"pier\u015b kurczaka"
        }
    },
    {
        "model":"menus.ingredient",
        "pk":71,
        "fields":{
            "name":"grzanki zio\u0142owo-czosnkowe"
        }
    },
    {
        "model":"menus.ingredient",
        "pk":72,
        "fields":{
            "name":"sa\u0142ata lodowa"
        }
    },
    {
        "model":"menus.ingredient",
        "pk":73,
        "fields":{
            "name":"ser w\u0119dzony"
        }
    },
    {
        "model":"menus.ingredient",
        "pk":74,
        "fields":{
            "name":"makaron"
        }
    },
    {
        "model":"menus.ingredient",
        "pk":75,
        "fields":{
            "name":"papryczka chilli"
        }
    },
    {
        "model":"menus.ingredient",
        "pk":76,
        "fields":{
            "name":"oliwa z oliwek"
        }
    },
    {
        "model":"menus.ingredient",
        "pk":77,
        "fields":{
            "name":"pietruszka"
        }
    },
    {
        "model":"menus.ingredient",
        "pk":78,
        "fields":{
            "name":"suszone pomidory"
        }
    },
    {
        "model":"menus.ingredient",
        "pk":79,
        "fields":{
            "name":"sos \u015bmietanowo-borowikowy"
        }
    },
    {
        "model":"menus.ingredient",
        "pk":80,
        "fields":{
            "name":"filet z kurczaka"
        }
    },
    {
        "model":"menus.ingredient",
        "pk":81,
        "fields":{
            "name":"mi\u0119so"
        }
    },
    {
        "model":"menus.ingredient",
        "pk":82,
        "fields":{
            "name":"Makaron lasagne"
        }
    },
    {
        "model":"menus.ingredient",
        "pk":83,
        "fields":{
            "name":"farsz wo\u0142owo-wieryzowym"
        }
    },
    {
        "model":"menus.ingredient",
        "pk":84,
        "fields":{
            "name":"farsz szpinakowy"
        }
    },
    {
        "model":"menus.ingredient",
        "pk":85,
        "fields":{
            "name":"ser gongonzola"
        }
    },
    {
        "model":"menus.price",
        "pk":1,
        "fields":{
            "value":"7.00",
            "size":7,
            "content_type":[
                "baskets",
                "order"
            ],
            "object_id":16
        }
    },
    {
        "model":"menus.price",
        "pk":2,
        "fields":{
            "value":"15.00",
            "size":7,
            "content_type":[
                "baskets",
                "order"
            ],
            "object_id":15
        }
    },
    {
        "model":"menus.price",
        "pk":3,
        "fields":{
            "value":"12.00",
            "size":7,
            "content_type":[
                "baskets",
                "order"
            ],
            "object_id":14
        }
    },
    {
        "model":"menus.price",
        "pk":4,
        "fields":{
            "value":"20.00",
            "size":7,
            "content_type":[
                "baskets",
                "order"
            ],
            "object_id":13
        }
    },
    {
        "model":"menus.price",
        "pk":5,
        "fields":{
            "value":"20.00",
            "size":7,
            "content_type":[
                "baskets",
                "order"
            ],
            "object_id":12
        }
    },
    {
        "model":"menus.price",
        "pk":7,
        "fields":{
            "value":"20.70",
            "size":5,
            "content_type":[
                "baskets",
                "order"
            ],
            "object_id":4
        }
    },
    {
        "model":"menus.price",
        "pk":8,
        "fields":{
            "value":"24.70",
            "size":6,
            "content_type":[
                "baskets",
                "order"
            ],
            "object_id":4
        }
    },
    {
        "model":"menus.price",
        "pk":10,
        "fields":{
            "value":"19.50",
            "size":5,
            "content_type":[
                "baskets",
                "order"
            ],
            "object_id":3
        }
    },
    {
        "model":"menus.price",
        "pk":11,
        "fields":{
            "value":"22.90",
            "size":6,
            "content_type":[
                "baskets",
                "order"
            ],
            "object_id":3
        }
    },
    {
        "model":"menus.price",
        "pk":13,
        "fields":{
            "value":"20.20",
            "size":5,
            "content_type":[
                "baskets",
                "order"
            ],
            "object_id":2
        }
    },
    {
        "model":"menus.price",
        "pk":14,
        "fields":{
            "value":"23.90",
            "size":6,
            "content_type":[
                "baskets",
                "order"
            ],
            "object_id":2
        }
    },
    {
        "model":"menus.price",
        "pk":16,
        "fields":{
            "value":"13.80",
            "size":5,
            "content_type":[
                "baskets",
                "order"
            ],
            "object_id":1
        }
    },
    {
        "model":"menus.price",
        "pk":17,
        "fields":{
            "value":"18.10",
            "size":6,
            "content_type":[
                "baskets",
                "order"
            ],
            "object_id":1
        }
    },
    {
        "model":"menus.price",
        "pk":18,
        "fields":{
            "value":"22.90",
            "size":1,
            "content_type":[
                "baskets",
                "order"
            ],
            "object_id":11
        }
    },
    {
        "model":"menus.price",
        "pk":19,
        "fields":{
            "value":"42.60",
            "size":2,
            "content_type":[
                "baskets",
                "order"
            ],
            "object_id":11
        }
    },
    {
        "model":"menus.price",
        "pk":21,
        "fields":{
            "value":"18.40",
            "size":1,
            "content_type":[
                "baskets",
                "order"
            ],
            "object_id":10
        }
    },
    {
        "model":"menus.price",
        "pk":22,
        "fields":{
            "value":"34.30",
            "size":2,
            "content_type":[
                "baskets",
                "order"
            ],
            "object_id":10
        }
    },
    {
        "model":"menus.price",
        "pk":23,
        "fields":{
            "value":"48.40",
            "size":3,
            "content_type":[
                "baskets",
                "order"
            ],
            "object_id":10
        }
    },
    {
        "model":"menus.price",
        "pk":24,
        "fields":{
            "value":"12.60",
            "size":1,
            "content_type":[
                "baskets",
                "order"
            ],
            "object_id":5
        }
    },
    {
        "model":"menus.price",
        "pk":25,
        "fields":{
            "value":"24.30",
            "size":2,
            "content_type":[
                "baskets",
                "order"
            ],
            "object_id":5
        }
    },
    {
        "model":"menus.price",
        "pk":26,
        "fields":{
            "value":"31.00",
            "size":3,
            "content_type":[
                "baskets",
                "order"
            ],
            "object_id":5
        }
    },
    {
        "model":"menus.price",
        "pk":27,
        "fields":{
            "value":"6.00",
            "size":7,
            "content_type":[
                "menus",
                "menu"
            ],
            "object_id":19
        }
    },
    {
        "model":"menus.price",
        "pk":29,
        "fields":{
            "value":"3.00",
            "size":7,
            "content_type":[
                "menus",
                "menu"
            ],
            "object_id":17
        }
    },
    {
        "model":"menus.price",
        "pk":30,
        "fields":{
            "value":"3.00",
            "size":7,
            "content_type":[
                "menus",
                "menu"
            ],
            "object_id":16
        }
    },
    {
        "model":"menus.price",
        "pk":32,
        "fields":{
            "value":"14.20",
            "size":8,
            "content_type":[
                "baskets",
                "order"
            ],
            "object_id":4
        }
    },
    {
        "model":"menus.price",
        "pk":33,
        "fields":{
            "value":"13.20",
            "size":8,
            "content_type":[
                "baskets",
                "order"
            ],
            "object_id":3
        }
    },
    {
        "model":"menus.price",
        "pk":34,
        "fields":{
            "value":"13.80",
            "size":8,
            "content_type":[
                "baskets",
                "order"
            ],
            "object_id":2
        }
    },
    {
        "model":"menus.price",
        "pk":35,
        "fields":{
            "value":"9.90",
            "size":8,
            "content_type":[
                "baskets",
                "order"
            ],
            "object_id":1
        }
    },
    {
        "model":"menus.price",
        "pk":36,
        "fields":{
            "value":"7.00",
            "size":7,
            "content_type":[
                "menus",
                "meal"
            ],
            "object_id":16
        }
    },
    {
        "model":"menus.price",
        "pk":37,
        "fields":{
            "value":"15.00",
            "size":7,
            "content_type":[
                "menus",
                "meal"
            ],
            "object_id":15
        }
    },
    {
        "model":"menus.price",
        "pk":38,
        "fields":{
            "value":"12.00",
            "size":7,
            "content_type":[
                "menus",
                "meal"
            ],
            "object_id":14
        }
    },
    {
        "model":"menus.price",
        "pk":39,
        "fields":{
            "value":"20.00",
            "size":7,
            "content_type":[
                "menus",
                "meal"
            ],
            "object_id":13
        }
    },
    {
        "model":"menus.price",
        "pk":40,
        "fields":{
            "value":"20.00",
            "size":7,
            "content_type":[
                "menus",
                "meal"
            ],
            "object_id":12
        }
    },
    {
        "model":"menus.price",
        "pk":41,
        "fields":{
            "value":"14.20",
            "size":8,
            "content_type":[
                "menus",
                "meal"
            ],
            "object_id":4
        }
    },
    {
        "model":"menus.price",
        "pk":42,
        "fields":{
            "value":"20.70",
            "size":5,
            "content_type":[
                "menus",
                "meal"
            ],
            "object_id":4
        }
    },
    {
        "model":"menus.price",
        "pk":43,
        "fields":{
            "value":"24.70",
            "size":6,
            "content_type":[
                "menus",
                "meal"
            ],
            "object_id":4
        }
    },
    {
        "model":"menus.price",
        "pk":44,
        "fields":{
            "value":"13.20",
            "size":8,
            "content_type":[
                "menus",
                "meal"
            ],
            "object_id":3
        }
    },
    {
        "model":"menus.price",
        "pk":45,
        "fields":{
            "value":"19.50",
            "size":5,
            "content_type":[
                "menus",
                "meal"
            ],
            "object_id":3
        }
    },
    {
        "model":"menus.price",
        "pk":46,
        "fields":{
            "value":"22.90",
            "size":6,
            "content_type":[
                "menus",
                "meal"
            ],
            "object_id":3
        }
    },
    {
        "model":"menus.price",
        "pk":47,
        "fields":{
            "value":"13.80",
            "size":8,
            "content_type":[
                "menus",
                "meal"
            ],
            "object_id":2
        }
    },
    {
        "model":"menus.price",
        "pk":48,
        "fields":{
            "value":"20.20",
            "size":5,
            "content_type":[
                "menus",
                "meal"
            ],
            "object_id":2
        }
    },
    {
        "model":"menus.price",
        "pk":49,
        "fields":{
            "value":"23.90",
            "size":6,
            "content_type":[
                "menus",
                "meal"
            ],
            "object_id":2
        }
    },
    {
        "model":"menus.price",
        "pk":50,
        "fields":{
            "value":"9.90",
            "size":8,
            "content_type":[
                "menus",
                "meal"
            ],
            "object_id":1
        }
    },
    {
        "model":"menus.price",
        "pk":51,
        "fields":{
            "value":"15.60",
            "size":5,
            "content_type":[
                "menus",
                "meal"
            ],
            "object_id":1
        }
    },
    {
        "model":"menus.price",
        "pk":52,
        "fields":{
            "value":"18.10",
            "size":6,
            "content_type":[
                "menus",
                "meal"
            ],
            "object_id":1
        }
    },
    {
        "model":"menus.price",
        "pk":53,
        "fields":{
            "value":"22.90",
            "size":1,
            "content_type":[
                "menus",
                "meal"
            ],
            "object_id":11
        }
    },
    {
        "model":"menus.price",
        "pk":54,
        "fields":{
            "value":"42.60",
            "size":2,
            "content_type":[
                "menus",
                "meal"
            ],
            "object_id":11
        }
    },
    {
        "model":"menus.price",
        "pk":55,
        "fields":{
            "value":"56.50",
            "size":3,
            "content_type":[
                "menus",
                "meal"
            ],
            "object_id":11
        }
    },
    {
        "model":"menus.price",
        "pk":56,
        "fields":{
            "value":"18.40",
            "size":1,
            "content_type":[
                "menus",
                "meal"
            ],
            "object_id":10
        }
    },
    {
        "model":"menus.price",
        "pk":57,
        "fields":{
            "value":"34.30",
            "size":2,
            "content_type":[
                "menus",
                "meal"
            ],
            "object_id":10
        }
    },
    {
        "model":"menus.price",
        "pk":58,
        "fields":{
            "value":"48.40",
            "size":3,
            "content_type":[
                "menus",
                "meal"
            ],
            "object_id":10
        }
    },
    {
        "model":"menus.price",
        "pk":59,
        "fields":{
            "value":"20.30",
            "size":1,
            "content_type":[
                "menus",
                "meal"
            ],
            "object_id":9
        }
    },
    {
        "model":"menus.price",
        "pk":60,
        "fields":{
            "value":"37.60",
            "size":2,
            "content_type":[
                "menus",
                "meal"
            ],
            "object_id":9
        }
    },
    {
        "model":"menus.price",
        "pk":61,
        "fields":{
            "value":"51.70",
            "size":3,
            "content_type":[
                "menus",
                "meal"
            ],
            "object_id":9
        }
    },
    {
        "model":"menus.price",
        "pk":62,
        "fields":{
            "value":"20.30",
            "size":1,
            "content_type":[
                "menus",
                "meal"
            ],
            "object_id":8
        }
    },
    {
        "model":"menus.price",
        "pk":63,
        "fields":{
            "value":"37.60",
            "size":2,
            "content_type":[
                "menus",
                "meal"
            ],
            "object_id":8
        }
    },
    {
        "model":"menus.price",
        "pk":64,
        "fields":{
            "value":"51.90",
            "size":3,
            "content_type":[
                "menus",
                "meal"
            ],
            "object_id":8
        }
    },
    {
        "model":"menus.price",
        "pk":65,
        "fields":{
            "value":"16.90",
            "size":1,
            "content_type":[
                "menus",
                "meal"
            ],
            "object_id":7
        }
    },
    {
        "model":"menus.price",
        "pk":66,
        "fields":{
            "value":"32.90",
            "size":2,
            "content_type":[
                "menus",
                "meal"
            ],
            "object_id":7
        }
    },
    {
        "model":"menus.price",
        "pk":67,
        "fields":{
            "value":"44.50",
            "size":3,
            "content_type":[
                "menus",
                "meal"
            ],
            "object_id":7
        }
    },
    {
        "model":"menus.price",
        "pk":68,
        "fields":{
            "value":"14.70",
            "size":1,
            "content_type":[
                "menus",
                "meal"
            ],
            "object_id":6
        }
    },
    {
        "model":"menus.price",
        "pk":69,
        "fields":{
            "value":"28.60",
            "size":2,
            "content_type":[
                "menus",
                "meal"
            ],
            "object_id":6
        }
    },
    {
        "model":"menus.price",
        "pk":70,
        "fields":{
            "value":"38.70",
            "size":3,
            "content_type":[
                "menus",
                "meal"
            ],
            "object_id":6
        }
    },
    {
        "model":"menus.price",
        "pk":71,
        "fields":{
            "value":"12.60",
            "size":1,
            "content_type":[
                "menus",
                "meal"
            ],
            "object_id":5
        }
    },
    {
        "model":"menus.price",
        "pk":72,
        "fields":{
            "value":"24.30",
            "size":2,
            "content_type":[
                "menus",
                "meal"
            ],
            "object_id":5
        }
    },
    {
        "model":"menus.price",
        "pk":73,
        "fields":{
            "value":"31.00",
            "size":3,
            "content_type":[
                "menus",
                "meal"
            ],
            "object_id":5
        }
    },
    {
        "model":"menus.price",
        "pk":74,
        "fields":{
            "value":"6.00",
            "size":7,
            "content_type":[
                "menus",
                "topping"
            ],
            "object_id":19
        }
    },
    {
        "model":"menus.price",
        "pk":75,
        "fields":{
            "value":"3.00",
            "size":7,
            "content_type":[
                "menus",
                "topping"
            ],
            "object_id":17
        }
    },
    {
        "model":"menus.price",
        "pk":76,
        "fields":{
            "value":"3.00",
            "size":7,
            "content_type":[
                "menus",
                "topping"
            ],
            "object_id":16
        }
    },
    {
        "model":"menus.price",
        "pk":77,
        "fields":{
            "value":"3.50",
            "size":1,
            "content_type":[
                "menus",
                "topping"
            ],
            "object_id":15
        }
    },
    {
        "model":"menus.price",
        "pk":78,
        "fields":{
            "value":"6.00",
            "size":2,
            "content_type":[
                "menus",
                "topping"
            ],
            "object_id":15
        }
    },
    {
        "model":"menus.price",
        "pk":79,
        "fields":{
            "value":"8.00",
            "size":3,
            "content_type":[
                "menus",
                "topping"
            ],
            "object_id":15
        }
    },
    {
        "model":"menus.price",
        "pk":80,
        "fields":{
            "value":"3.50",
            "size":1,
            "content_type":[
                "menus",
                "topping"
            ],
            "object_id":13
        }
    },
    {
        "model":"menus.price",
        "pk":81,
        "fields":{
            "value":"6.00",
            "size":2,
            "content_type":[
                "menus",
                "topping"
            ],
            "object_id":13
        }
    },
    {
        "model":"menus.price",
        "pk":82,
        "fields":{
            "value":"8.00",
            "size":3,
            "content_type":[
                "menus",
                "topping"
            ],
            "object_id":13
        }
    },
    {
        "model":"menus.price",
        "pk":83,
        "fields":{
            "value":"3.50",
            "size":1,
            "content_type":[
                "menus",
                "topping"
            ],
            "object_id":12
        }
    },
    {
        "model":"menus.price",
        "pk":84,
        "fields":{
            "value":"6.00",
            "size":2,
            "content_type":[
                "menus",
                "topping"
            ],
            "object_id":12
        }
    },
    {
        "model":"menus.price",
        "pk":85,
        "fields":{
            "value":"8.00",
            "size":3,
            "content_type":[
                "menus",
                "topping"
            ],
            "object_id":12
        }
    },
    {
        "model":"menus.price",
        "pk":86,
        "fields":{
            "value":"3.50",
            "size":1,
            "content_type":[
                "menus",
                "topping"
            ],
            "object_id":11
        }
    },
    {
        "model":"menus.price",
        "pk":87,
        "fields":{
            "value":"6.00",
            "size":2,
            "content_type":[
                "menus",
                "topping"
            ],
            "object_id":11
        }
    },
    {
        "model":"menus.price",
        "pk":88,
        "fields":{
            "value":"8.00",
            "size":3,
            "content_type":[
                "menus",
                "topping"
            ],
            "object_id":11
        }
    },
    {
        "model":"menus.price",
        "pk":89,
        "fields":{
            "value":"4.50",
            "size":8,
            "content_type":[
                "menus",
                "topping"
            ],
            "object_id":10
        }
    },
    {
        "model":"menus.price",
        "pk":90,
        "fields":{
            "value":"5.50",
            "size":5,
            "content_type":[
                "menus",
                "topping"
            ],
            "object_id":10
        }
    },
    {
        "model":"menus.price",
        "pk":91,
        "fields":{
            "value":"6.50",
            "size":6,
            "content_type":[
                "menus",
                "topping"
            ],
            "object_id":10
        }
    },
    {
        "model":"menus.price",
        "pk":92,
        "fields":{
            "value":"3.50",
            "size":1,
            "content_type":[
                "menus",
                "topping"
            ],
            "object_id":9
        }
    },
    {
        "model":"menus.price",
        "pk":93,
        "fields":{
            "value":"6.00",
            "size":2,
            "content_type":[
                "menus",
                "topping"
            ],
            "object_id":9
        }
    },
    {
        "model":"menus.price",
        "pk":94,
        "fields":{
            "value":"8.00",
            "size":3,
            "content_type":[
                "menus",
                "topping"
            ],
            "object_id":9
        }
    },
    {
        "model":"menus.price",
        "pk":95,
        "fields":{
            "value":"2.00",
            "size":1,
            "content_type":[
                "menus",
                "topping"
            ],
            "object_id":8
        }
    },
    {
        "model":"menus.price",
        "pk":96,
        "fields":{
            "value":"2.00",
            "size":2,
            "content_type":[
                "menus",
                "topping"
            ],
            "object_id":8
        }
    },
    {
        "model":"menus.price",
        "pk":97,
        "fields":{
            "value":"2.00",
            "size":3,
            "content_type":[
                "menus",
                "topping"
            ],
            "object_id":8
        }
    },
    {
        "model":"menus.price",
        "pk":98,
        "fields":{
            "value":"2.00",
            "size":1,
            "content_type":[
                "menus",
                "topping"
            ],
            "object_id":7
        }
    },
    {
        "model":"menus.price",
        "pk":99,
        "fields":{
            "value":"2.00",
            "size":2,
            "content_type":[
                "menus",
                "topping"
            ],
            "object_id":7
        }
    },
    {
        "model":"menus.price",
        "pk":100,
        "fields":{
            "value":"2.00",
            "size":3,
            "content_type":[
                "menus",
                "topping"
            ],
            "object_id":7
        }
    },
    {
        "model":"menus.price",
        "pk":101,
        "fields":{
            "value":"2.50",
            "size":1,
            "content_type":[
                "menus",
                "topping"
            ],
            "object_id":6
        }
    },
    {
        "model":"menus.price",
        "pk":102,
        "fields":{
            "value":"3.50",
            "size":2,
            "content_type":[
                "menus",
                "topping"
            ],
            "object_id":6
        }
    },
    {
        "model":"menus.price",
        "pk":103,
        "fields":{
            "value":"4.50",
            "size":3,
            "content_type":[
                "menus",
                "topping"
            ],
            "object_id":6
        }
    },
    {
        "model":"menus.price",
        "pk":104,
        "fields":{
            "value":"4.00",
            "size":7,
            "content_type":[
                "menus",
                "topping"
            ],
            "object_id":3
        }
    },
    {
        "model":"menus.price",
        "pk":105,
        "fields":{
            "value":"3.50",
            "size":8,
            "content_type":[
                "menus",
                "topping"
            ],
            "object_id":2
        }
    },
    {
        "model":"menus.price",
        "pk":106,
        "fields":{
            "value":"4.50",
            "size":5,
            "content_type":[
                "menus",
                "topping"
            ],
            "object_id":2
        }
    },
    {
        "model":"menus.price",
        "pk":107,
        "fields":{
            "value":"5.50",
            "size":6,
            "content_type":[
                "menus",
                "topping"
            ],
            "object_id":2
        }
    },
    {
        "model":"menus.price",
        "pk":108,
        "fields":{
            "value":"0.50",
            "size":8,
            "content_type":[
                "menus",
                "topping"
            ],
            "object_id":1
        }
    },
    {
        "model":"menus.price",
        "pk":109,
        "fields":{
            "value":"1.00",
            "size":5,
            "content_type":[
                "menus",
                "topping"
            ],
            "object_id":1
        }
    },
    {
        "model":"menus.price",
        "pk":110,
        "fields":{
            "value":"1.50",
            "size":6,
            "content_type":[
                "menus",
                "topping"
            ],
            "object_id":1
        }
    },
    {
        "model":"menus.price",
        "pk":111,
        "fields":{
            "value":"2.50",
            "size":1,
            "content_type":[
                "menus",
                "topping"
            ],
            "object_id":14
        }
    },
    {
        "model":"menus.price",
        "pk":112,
        "fields":{
            "value":"3.50",
            "size":2,
            "content_type":[
                "menus",
                "topping"
            ],
            "object_id":14
        }
    },
    {
        "model":"menus.price",
        "pk":113,
        "fields":{
            "value":"4.50",
            "size":3,
            "content_type":[
                "menus",
                "topping"
            ],
            "object_id":14
        }
    },
    {
        "model":"menus.price",
        "pk":114,
        "fields":{
            "value":"0.50",
            "size":8,
            "content_type":[
                "menus",
                "topping"
            ],
            "object_id":5
        }
    },
    {
        "model":"menus.price",
        "pk":115,
        "fields":{
            "value":"1.00",
            "size":5,
            "content_type":[
                "menus",
                "topping"
            ],
            "object_id":5
        }
    },
    {
        "model":"menus.price",
        "pk":116,
        "fields":{
            "value":"1.50",
            "size":6,
            "content_type":[
                "menus",
                "topping"
            ],
            "object_id":5
        }
    },
    {
        "model":"menus.price",
        "pk":117,
        "fields":{
            "value":"0.50",
            "size":8,
            "content_type":[
                "menus",
                "topping"
            ],
            "object_id":4
        }
    },
    {
        "model":"menus.price",
        "pk":118,
        "fields":{
            "value":"1.00",
            "size":5,
            "content_type":[
                "menus",
                "topping"
            ],
            "object_id":4
        }
    },
    {
        "model":"menus.price",
        "pk":119,
        "fields":{
            "value":"1.50",
            "size":6,
            "content_type":[
                "menus",
                "topping"
            ],
            "object_id":4
        }
    },
    {
        "model":"menus.price",
        "pk":120,
        "fields":{
            "value":"16.50",
            "size":1,
            "content_type":[
                "menus",
                "meal"
            ],
            "object_id":17
        }
    },
    {
        "model":"menus.price",
        "pk":121,
        "fields":{
            "value":"31.70",
            "size":2,
            "content_type":[
                "menus",
                "meal"
            ],
            "object_id":17
        }
    },
    {
        "model":"menus.price",
        "pk":122,
        "fields":{
            "value":"41.50",
            "size":3,
            "content_type":[
                "menus",
                "meal"
            ],
            "object_id":17
        }
    },
    {
        "model":"menus.price",
        "pk":123,
        "fields":{
            "value":"21.90",
            "size":1,
            "content_type":[
                "menus",
                "meal"
            ],
            "object_id":18
        }
    },
    {
        "model":"menus.price",
        "pk":124,
        "fields":{
            "value":"42.40",
            "size":2,
            "content_type":[
                "menus",
                "meal"
            ],
            "object_id":18
        }
    },
    {
        "model":"menus.price",
        "pk":125,
        "fields":{
            "value":"54.50",
            "size":3,
            "content_type":[
                "menus",
                "meal"
            ],
            "object_id":18
        }
    },
    {
        "model":"menus.price",
        "pk":126,
        "fields":{
            "value":"20.70",
            "size":1,
            "content_type":[
                "menus",
                "meal"
            ],
            "object_id":19
        }
    },
    {
        "model":"menus.price",
        "pk":127,
        "fields":{
            "value":"38.10",
            "size":2,
            "content_type":[
                "menus",
                "meal"
            ],
            "object_id":19
        }
    },
    {
        "model":"menus.price",
        "pk":128,
        "fields":{
            "value":"57.20",
            "size":3,
            "content_type":[
                "menus",
                "meal"
            ],
            "object_id":19
        }
    },
    {
        "model":"menus.price",
        "pk":129,
        "fields":{
            "value":"16.20",
            "size":1,
            "content_type":[
                "menus",
                "meal"
            ],
            "object_id":20
        }
    },
    {
        "model":"menus.price",
        "pk":130,
        "fields":{
            "value":"32.10",
            "size":2,
            "content_type":[
                "menus",
                "meal"
            ],
            "object_id":20
        }
    },
    {
        "model":"menus.price",
        "pk":131,
        "fields":{
            "value":"45.40",
            "size":3,
            "content_type":[
                "menus",
                "meal"
            ],
            "object_id":20
        }
    },
    {
        "model":"menus.price",
        "pk":132,
        "fields":{
            "value":"22.90",
            "size":1,
            "content_type":[
                "menus",
                "meal"
            ],
            "object_id":21
        }
    },
    {
        "model":"menus.price",
        "pk":133,
        "fields":{
            "value":"42.60",
            "size":2,
            "content_type":[
                "menus",
                "meal"
            ],
            "object_id":21
        }
    },
    {
        "model":"menus.price",
        "pk":134,
        "fields":{
            "value":"56.50",
            "size":3,
            "content_type":[
                "menus",
                "meal"
            ],
            "object_id":21
        }
    },
    {
        "model":"menus.price",
        "pk":135,
        "fields":{
            "value":"22.90",
            "size":1,
            "content_type":[
                "menus",
                "meal"
            ],
            "object_id":22
        }
    },
    {
        "model":"menus.price",
        "pk":136,
        "fields":{
            "value":"42.60",
            "size":2,
            "content_type":[
                "menus",
                "meal"
            ],
            "object_id":22
        }
    },
    {
        "model":"menus.price",
        "pk":137,
        "fields":{
            "value":"56.50",
            "size":3,
            "content_type":[
                "menus",
                "meal"
            ],
            "object_id":22
        }
    },
    {
        "model":"menus.price",
        "pk":138,
        "fields":{
            "value":"20.00",
            "size":7,
            "content_type":[
                "menus",
                "meal"
            ],
            "object_id":23
        }
    },
    {
        "model":"menus.price",
        "pk":139,
        "fields":{
            "value":"20.00",
            "size":7,
            "content_type":[
                "menus",
                "meal"
            ],
            "object_id":24
        }
    },
    {
        "model":"menus.price",
        "pk":140,
        "fields":{
            "value":"20.00",
            "size":7,
            "content_type":[
                "menus",
                "meal"
            ],
            "object_id":25
        }
    },
    {
        "model":"menus.price",
        "pk":141,
        "fields":{
            "value":"18.00",
            "size":7,
            "content_type":[
                "menus",
                "meal"
            ],
            "object_id":26
        }
    },
    {
        "model":"menus.price",
        "pk":142,
        "fields":{
            "value":"22.00",
            "size":7,
            "content_type":[
                "menus",
                "meal"
            ],
            "object_id":27
        }
    },
    {
        "model":"menus.price",
        "pk":143,
        "fields":{
            "value":"16.00",
            "size":7,
            "content_type":[
                "menus",
                "meal"
            ],
            "object_id":28
        }
    },
    {
        "model":"menus.price",
        "pk":144,
        "fields":{
            "value":"12.00",
            "size":7,
            "content_type":[
                "menus",
                "meal"
            ],
            "object_id":29
        }
    },
    {
        "model":"menus.price",
        "pk":145,
        "fields":{
            "value":"15.00",
            "size":7,
            "content_type":[
                "menus",
                "meal"
            ],
            "object_id":30
        }
    },
    {
        "model":"menus.price",
        "pk":146,
        "fields":{
            "value":"12.00",
            "size":9,
            "content_type":[
                "menus",
                "meal"
            ],
            "object_id":31
        }
    },
    {
        "model":"menus.price",
        "pk":147,
        "fields":{
            "value":"21.00",
            "size":10,
            "content_type":[
                "menus",
                "meal"
            ],
            "object_id":31
        }
    },
    {
        "model":"menus.price",
        "pk":148,
        "fields":{
            "value":"32.00",
            "size":11,
            "content_type":[
                "menus",
                "meal"
            ],
            "object_id":31
        }
    },
    {
        "model":"menus.price",
        "pk":149,
        "fields":{
            "value":"13.00",
            "size":9,
            "content_type":[
                "menus",
                "meal"
            ],
            "object_id":32
        }
    },
    {
        "model":"menus.price",
        "pk":150,
        "fields":{
            "value":"25.00",
            "size":10,
            "content_type":[
                "menus",
                "meal"
            ],
            "object_id":32
        }
    },
    {
        "model":"menus.price",
        "pk":151,
        "fields":{
            "value":"37.00",
            "size":11,
            "content_type":[
                "menus",
                "meal"
            ],
            "object_id":32
        }
    },
    {
        "model":"menus.price",
        "pk":152,
        "fields":{
            "value":"18.00",
            "size":9,
            "content_type":[
                "menus",
                "meal"
            ],
            "object_id":33
        }
    },
    {
        "model":"menus.price",
        "pk":153,
        "fields":{
            "value":"32.00",
            "size":10,
            "content_type":[
                "menus",
                "meal"
            ],
            "object_id":33
        }
    },
    {
        "model":"menus.price",
        "pk":154,
        "fields":{
            "value":"43.00",
            "size":11,
            "content_type":[
                "menus",
                "meal"
            ],
            "object_id":33
        }
    },
    {
        "model":"menus.price",
        "pk":155,
        "fields":{
            "value":"20.00",
            "size":9,
            "content_type":[
                "menus",
                "meal"
            ],
            "object_id":34
        }
    },
    {
        "model":"menus.price",
        "pk":156,
        "fields":{
            "value":"37.00",
            "size":10,
            "content_type":[
                "menus",
                "meal"
            ],
            "object_id":34
        }
    },
    {
        "model":"menus.price",
        "pk":157,
        "fields":{
            "value":"48.00",
            "size":11,
            "content_type":[
                "menus",
                "meal"
            ],
            "object_id":34
        }
    },
    {
        "model":"menus.price",
        "pk":158,
        "fields":{
            "value":"22.00",
            "size":9,
            "content_type":[
                "menus",
                "meal"
            ],
            "object_id":35
        }
    },
    {
        "model":"menus.price",
        "pk":159,
        "fields":{
            "value":"41.00",
            "size":10,
            "content_type":[
                "menus",
                "meal"
            ],
            "object_id":35
        }
    },
    {
        "model":"menus.price",
        "pk":160,
        "fields":{
            "value":"52.00",
            "size":11,
            "content_type":[
                "menus",
                "meal"
            ],
            "object_id":35
        }
    },
    {
        "model":"menus.price",
        "pk":161,
        "fields":{
            "value":"14.00",
            "size":9,
            "content_type":[
                "menus",
                "meal"
            ],
            "object_id":36
        }
    },
    {
        "model":"menus.price",
        "pk":162,
        "fields":{
            "value":"27.00",
            "size":10,
            "content_type":[
                "menus",
                "meal"
            ],
            "object_id":36
        }
    },
    {
        "model":"menus.price",
        "pk":163,
        "fields":{
            "value":"39.00",
            "size":11,
            "content_type":[
                "menus",
                "meal"
            ],
            "object_id":36
        }
    },
    {
        "model":"menus.price",
        "pk":164,
        "fields":{
            "value":"18.00",
            "size":9,
            "content_type":[
                "menus",
                "meal"
            ],
            "object_id":37
        }
    },
    {
        "model":"menus.price",
        "pk":165,
        "fields":{
            "value":"32.00",
            "size":10,
            "content_type":[
                "menus",
                "meal"
            ],
            "object_id":37
        }
    },
    {
        "model":"menus.price",
        "pk":166,
        "fields":{
            "value":"43.00",
            "size":11,
            "content_type":[
                "menus",
                "meal"
            ],
            "object_id":37
        }
    },
    {
        "model":"menus.price",
        "pk":167,
        "fields":{
            "value":"18.00",
            "size":9,
            "content_type":[
                "menus",
                "meal"
            ],
            "object_id":38
        }
    },
    {
        "model":"menus.price",
        "pk":168,
        "fields":{
            "value":"32.00",
            "size":10,
            "content_type":[
                "menus",
                "meal"
            ],
            "object_id":38
        }
    },
    {
        "model":"menus.price",
        "pk":169,
        "fields":{
            "value":"43.00",
            "size":11,
            "content_type":[
                "menus",
                "meal"
            ],
            "object_id":38
        }
    },
    {
        "model":"menus.price",
        "pk":170,
        "fields":{
            "value":"17.00",
            "size":9,
            "content_type":[
                "menus",
                "meal"
            ],
            "object_id":39
        }
    },
    {
        "model":"menus.price",
        "pk":171,
        "fields":{
            "value":"31.00",
            "size":10,
            "content_type":[
                "menus",
                "meal"
            ],
            "object_id":39
        }
    },
    {
        "model":"menus.price",
        "pk":172,
        "fields":{
            "value":"42.00",
            "size":11,
            "content_type":[
                "menus",
                "meal"
            ],
            "object_id":39
        }
    },
    {
        "model":"menus.price",
        "pk":173,
        "fields":{
            "value":"16.70",
            "size":8,
            "content_type":[
                "menus",
                "meal"
            ],
            "object_id":40
        }
    },
    {
        "model":"menus.price",
        "pk":174,
        "fields":{
            "value":"25.20",
            "size":5,
            "content_type":[
                "menus",
                "meal"
            ],
            "object_id":40
        }
    },
    {
        "model":"menus.price",
        "pk":175,
        "fields":{
            "value":"29.10",
            "size":6,
            "content_type":[
                "menus",
                "meal"
            ],
            "object_id":40
        }
    },
    {
        "model":"menus.price",
        "pk":176,
        "fields":{
            "value":"16.20",
            "size":8,
            "content_type":[
                "menus",
                "meal"
            ],
            "object_id":41
        }
    },
    {
        "model":"menus.price",
        "pk":177,
        "fields":{
            "value":"23.70",
            "size":5,
            "content_type":[
                "menus",
                "meal"
            ],
            "object_id":41
        }
    },
    {
        "model":"menus.price",
        "pk":178,
        "fields":{
            "value":"28.10",
            "size":6,
            "content_type":[
                "menus",
                "meal"
            ],
            "object_id":41
        }
    },
    {
        "model":"menus.price",
        "pk":179,
        "fields":{
            "value":"13.90",
            "size":8,
            "content_type":[
                "menus",
                "meal"
            ],
            "object_id":42
        }
    },
    {
        "model":"menus.price",
        "pk":180,
        "fields":{
            "value":"21.70",
            "size":5,
            "content_type":[
                "menus",
                "meal"
            ],
            "object_id":42
        }
    },
    {
        "model":"menus.price",
        "pk":181,
        "fields":{
            "value":"24.10",
            "size":6,
            "content_type":[
                "menus",
                "meal"
            ],
            "object_id":42
        }
    },
    {
        "model":"menus.price",
        "pk":182,
        "fields":{
            "value":"14.90",
            "size":8,
            "content_type":[
                "menus",
                "meal"
            ],
            "object_id":43
        }
    },
    {
        "model":"menus.price",
        "pk":183,
        "fields":{
            "value":"22.00",
            "size":5,
            "content_type":[
                "menus",
                "meal"
            ],
            "object_id":43
        }
    },
    {
        "model":"menus.price",
        "pk":184,
        "fields":{
            "value":"26.00",
            "size":6,
            "content_type":[
                "menus",
                "meal"
            ],
            "object_id":43
        }
    },
    {
        "model":"menus.price",
        "pk":185,
        "fields":{
            "value":"14.40",
            "size":8,
            "content_type":[
                "menus",
                "meal"
            ],
            "object_id":44
        }
    },
    {
        "model":"menus.price",
        "pk":186,
        "fields":{
            "value":"21.80",
            "size":5,
            "content_type":[
                "menus",
                "meal"
            ],
            "object_id":44
        }
    },
    {
        "model":"menus.price",
        "pk":187,
        "fields":{
            "value":"24.60",
            "size":6,
            "content_type":[
                "menus",
                "meal"
            ],
            "object_id":44
        }
    },
    {
        "model":"menus.price",
        "pk":188,
        "fields":{
            "value":"10.50",
            "size":12,
            "content_type":[
                "menus",
                "meal"
            ],
            "object_id":45
        }
    },
    {
        "model":"menus.price",
        "pk":189,
        "fields":{
            "value":"10.50",
            "size":12,
            "content_type":[
                "menus",
                "meal"
            ],
            "object_id":46
        }
    },
    {
        "model":"menus.price",
        "pk":190,
        "fields":{
            "value":"9.90",
            "size":13,
            "content_type":[
                "menus",
                "meal"
            ],
            "object_id":47
        }
    },
    {
        "model":"menus.price",
        "pk":191,
        "fields":{
            "value":"15.50",
            "size":14,
            "content_type":[
                "menus",
                "meal"
            ],
            "object_id":47
        }
    },
    {
        "model":"menus.price",
        "pk":192,
        "fields":{
            "value":"10.90",
            "size":13,
            "content_type":[
                "menus",
                "meal"
            ],
            "object_id":48
        }
    },
    {
        "model":"menus.price",
        "pk":193,
        "fields":{
            "value":"16.50",
            "size":15,
            "content_type":[
                "menus",
                "meal"
            ],
            "object_id":48
        }
    },
    {
        "model":"menus.price",
        "pk":194,
        "fields":{
            "value":"12.90",
            "size":16,
            "content_type":[
                "menus",
                "meal"
            ],
            "object_id":49
        }
    },
    {
        "model":"menus.price",
        "pk":195,
        "fields":{
            "value":"18.50",
            "size":17,
            "content_type":[
                "menus",
                "meal"
            ],
            "object_id":49
        }
    },
    {
        "model":"menus.price",
        "pk":196,
        "fields":{
            "value":"10.90",
            "size":18,
            "content_type":[
                "menus",
                "meal"
            ],
            "object_id":50
        }
    },
    {
        "model":"menus.price",
        "pk":197,
        "fields":{
            "value":"16.50",
            "size":19,
            "content_type":[
                "menus",
                "meal"
            ],
            "object_id":50
        }
    },
    {
        "model":"menus.price",
        "pk":198,
        "fields":{
            "value":"14.50",
            "size":18,
            "content_type":[
                "menus",
                "meal"
            ],
            "object_id":51
        }
    },
    {
        "model":"menus.price",
        "pk":199,
        "fields":{
            "value":"18.00",
            "size":20,
            "content_type":[
                "menus",
                "meal"
            ],
            "object_id":51
        }
    },
    {
        "model":"menus.price",
        "pk":200,
        "fields":{
            "value":"19.00",
            "size":21,
            "content_type":[
                "menus",
                "meal"
            ],
            "object_id":52
        }
    },
    {
        "model":"menus.price",
        "pk":201,
        "fields":{
            "value":"23.00",
            "size":22,
            "content_type":[
                "menus",
                "meal"
            ],
            "object_id":52
        }
    },
    {
        "model":"menus.price",
        "pk":202,
        "fields":{
            "value":"19.00",
            "size":23,
            "content_type":[
                "menus",
                "meal"
            ],
            "object_id":53
        }
    },
    {
        "model":"menus.price",
        "pk":203,
        "fields":{
            "value":"23.00",
            "size":24,
            "content_type":[
                "menus",
                "meal"
            ],
            "object_id":53
        }
    },
    {
        "model":"menus.price",
        "pk":204,
        "fields":{
            "value":"14.50",
            "size":17,
            "content_type":[
                "menus",
                "meal"
            ],
            "object_id":54
        }
    },
    {
        "model":"menus.price",
        "pk":205,
        "fields":{
            "value":"18.00",
            "size":24,
            "content_type":[
                "menus",
                "meal"
            ],
            "object_id":54
        }
    },
    {
        "model":"menus.price",
        "pk":206,
        "fields":{
            "value":"15.00",
            "size":17,
            "content_type":[
                "menus",
                "meal"
            ],
            "object_id":55
        }
    },
    {
        "model":"menus.price",
        "pk":207,
        "fields":{
            "value":"19.00",
            "size":24,
            "content_type":[
                "menus",
                "meal"
            ],
            "object_id":55
        }
    },
    {
        "model":"menus.price",
        "pk":208,
        "fields":{
            "value":"16.50",
            "size":25,
            "content_type":[
                "menus",
                "meal"
            ],
            "object_id":56
        }
    },
    {
        "model":"menus.price",
        "pk":209,
        "fields":{
            "value":"16.50",
            "size":25,
            "content_type":[
                "menus",
                "meal"
            ],
            "object_id":57
        }
    }
]
